date,country,D,H,I,M,S
2021-04-01,Afghanistan,0,25,12,0,0
2021-04-01,Japan,0,93,29,0,0
2021-04-01,Sweden,0,8,1,0,0
2021-04-02,Afghanistan,0,23,14,0,0
2021-04-02,Japan,0,70,52,0,0
2021-04-02,Sweden,0,5,4,0,0
2021-04-03,Afghanistan,0,18,19,0,0
2021-04-03,Japan,0,44,78,0,0
2021-04-03,Sweden,0,5,4,0,0
2021-04-04,Afghanistan,0,15,22,0,0
2021-04-04,Japan,0,29,93,0,0
2021-04-04,Sweden,0,4,5,0,0
2021-04-05,Afghanistan,0,12,13,3,9
2021-04-05,Japan,0,22,71,17,12
2021-04-05,Sweden,0,4,4,1,0
2021-04-06,Afghanistan,0,12,11,4,10
2021-04-06,Japan,0,17,53,28,24
2021-04-06,Sweden,0,2,3,3,1
2021-04-07,Afghanistan,0,11,7,8,11
2021-04-07,Japan,0,13,31,38,40
2021-04-07,Sweden,0,2,3,3,1
2021-04-08,Afghanistan,0,8,7,9,13
2021-04-08,Japan,0,9,20,46,47
2021-04-08,Sweden,0,2,2,4,1
2021-04-09,Afghanistan,0,8,4,10,15
2021-04-09,Japan,0,7,15,51,49
2021-04-09,Sweden,0,2,2,4,1
2021-04-10,Afghanistan,0,7,5,10,15
2021-04-10,Japan,0,6,11,55,50
2021-04-10,Sweden,0,2,0,4,3
2021-04-11,Afghanistan,0,6,5,11,15
2021-04-11,Japan,0,5,8,58,51
2021-04-11,Sweden,0,1,1,4,3
2021-04-12,Afghanistan,0,5,3,13,16
2021-04-12,Japan,0,5,4,59,54
2021-04-12,Sweden,0,1,1,4,3
2021-04-13,Afghanistan,0,4,4,13,16
2021-04-13,Japan,0,5,2,61,54
2021-04-13,Sweden,0,1,1,4,3
2021-04-14,Afghanistan,0,3,4,13,17
2021-04-14,Japan,0,5,1,62,54
2021-04-14,Sweden,0,1,1,4,3
2021-04-15,Afghanistan,0,3,3,13,18
2021-04-15,Japan,0,4,1,63,54
2021-04-15,Sweden,0,1,0,4,4
2021-04-16,Afghanistan,0,2,3,13,19
2021-04-16,Japan,0,3,2,63,54
2021-04-16,Sweden,0,1,0,4,4
2021-04-17,Afghanistan,0,2,2,13,20
2021-04-17,Japan,0,3,2,63,54
2021-04-17,Sweden,0,1,0,4,4
2021-04-18,Afghanistan,0,2,1,14,20
2021-04-18,Japan,0,3,2,63,54
2021-04-18,Sweden,0,1,0,4,4
2021-04-19,Afghanistan,0,1,2,23,11
2021-04-19,Japan,2,3,1,73,43
2021-04-19,Sweden,0,1,0,4,4
2021-04-20,Afghanistan,0,1,1,24,11
2021-04-20,Japan,4,3,0,84,31
2021-04-20,Sweden,0,1,0,5,3
2021-04-21,Afghanistan,0,1,1,25,10
2021-04-21,Japan,10,2,1,94,15
2021-04-21,Sweden,0,1,0,5,3
2021-04-22,Afghanistan,0,1,1,27,8
2021-04-22,Japan,11,1,2,100,8
2021-04-22,Sweden,0,1,0,5,3
2021-04-23,Afghanistan,0,1,0,29,7
2021-04-23,Japan,12,1,2,101,6
2021-04-23,Sweden,0,1,0,5,3
2021-04-24,Afghanistan,0,1,0,29,7
2021-04-24,Japan,12,1,2,102,5
2021-04-24,Sweden,0,1,0,7,1
2021-04-25,Afghanistan,0,1,0,29,7
2021-04-25,Japan,12,1,1,103,5
2021-04-25,Sweden,0,1,0,7,1
2021-04-26,Afghanistan,0,1,0,30,6
2021-04-26,Japan,12,1,0,107,2
2021-04-26,Sweden,0,1,0,7,1
2021-04-27,Afghanistan,0,1,0,30,6
2021-04-27,Japan,12,1,0,107,2
2021-04-27,Sweden,0,1,0,7,1
2021-04-28,Afghanistan,0,0,1,31,5
2021-04-28,Japan,12,1,0,107,2
2021-04-28,Sweden,0,1,0,7,1
2021-04-29,Afghanistan,0,0,1,32,4
2021-04-29,Japan,12,1,0,107,2
2021-04-29,Sweden,0,1,0,8,0
2021-04-30,Afghanistan,0,0,1,33,3
2021-04-30,Japan,12,1,0,107,2
2021-04-30,Sweden,0,1,0,8,0
2021-05-01,Afghanistan,0,0,1,34,2
2021-05-01,Japan,12,1,0,107,2
2021-05-01,Sweden,0,1,0,8,0
2021-05-02,Afghanistan,0,0,0,34,3
2021-05-02,Japan,12,1,0,107,2
2021-05-02,Sweden,0,1,0,8,0
2021-05-03,Afghanistan,0,0,0,34,3
2021-05-03,Japan,12,1,0,108,1
2021-05-03,Sweden,0,1,0,8,0
2021-05-04,Afghanistan,0,0,0,35,2
2021-05-04,Japan,12,1,0,108,1
2021-05-04,Sweden,0,1,0,8,0
2021-05-05,Afghanistan,0,0,0,35,2
2021-05-05,Japan,12,1,0,108,1
2021-05-05,Sweden,0,1,0,8,0
2021-05-06,Afghanistan,0,0,0,35,2
2021-05-06,Japan,12,1,0,108,1
2021-05-06,Sweden,0,1,0,8,0
2021-05-07,Afghanistan,0,0,0,36,1
2021-05-07,Japan,12,1,0,108,1
2021-05-07,Sweden,0,1,0,8,0
2021-05-08,Afghanistan,0,0,0,36,1
2021-05-08,Japan,12,1,0,108,1
2021-05-08,Sweden,0,1,0,8,0
2021-05-09,Afghanistan,0,0,0,36,1
2021-05-09,Japan,12,0,1,109,0
2021-05-09,Sweden,0,1,0,8,0
2021-05-10,Afghanistan,0,0,0,36,1
2021-05-10,Japan,12,0,1,109,0
2021-05-10,Sweden,0,1,0,8,0
2021-05-11,Afghanistan,0,0,0,36,1
2021-05-11,Japan,12,0,1,109,0
2021-05-11,Sweden,0,1,0,8,0
2021-05-12,Afghanistan,0,0,0,36,1
2021-05-12,Japan,12,0,1,109,0
2021-05-12,Sweden,0,1,0,8,0
2021-05-13,Afghanistan,0,0,0,36,1
2021-05-13,Japan,12,0,0,109,1
2021-05-13,Sweden,0,1,0,8,0
2021-05-14,Afghanistan,0,0,0,36,1
2021-05-14,Japan,12,0,0,109,1
2021-05-14,Sweden,0,1,0,8,0
2021-05-15,Afghanistan,0,0,0,36,1
2021-05-15,Japan,12,0,0,109,1
2021-05-15,Sweden,0,1,0,8,0
2021-05-16,Afghanistan,0,0,0,37,0
2021-05-16,Japan,12,0,0,109,1
2021-05-16,Sweden,0,1,0,8,0
2021-05-17,Afghanistan,0,0,0,37,0
2021-05-17,Japan,12,0,0,109,1
2021-05-17,Sweden,0,1,0,8,0
2021-05-18,Afghanistan,0,0,0,37,0
2021-05-18,Japan,12,0,0,109,1
2021-05-18,Sweden,0,1,0,8,0
2021-05-19,Afghanistan,0,0,0,37,0
2021-05-19,Japan,12,0,0,109,1
2021-05-19,Sweden,0,0,1,8,0
2021-05-20,Afghanistan,0,0,0,37,0
2021-05-20,Japan,12,0,0,109,1
2021-05-20,Sweden,0,0,1,8,0
2021-05-21,Afghanistan,0,0,0,37,0
2021-05-21,Japan,12,0,0,109,1
2021-05-21,Sweden,0,0,1,8,0
2021-05-22,Afghanistan,0,0,0,37,0
2021-05-22,Japan,12,0,0,109,1
2021-05-22,Sweden,0,0,1,8,0
2021-05-23,Afghanistan,0,0,0,37,0
2021-05-23,Japan,12,0,0,109,1
2021-05-23,Sweden,0,0,0,8,1
2021-05-24,Afghanistan,0,0,0,37,0
2021-05-24,Japan,12,0,0,109,1
2021-05-24,Sweden,0,0,0,8,1
2021-05-25,Afghanistan,0,0,0,37,0
2021-05-25,Japan,12,0,0,109,1
2021-05-25,Sweden,0,0,0,8,1
2021-05-26,Afghanistan,0,0,0,37,0
2021-05-26,Japan,12,0,0,109,1
2021-05-26,Sweden,0,0,0,8,1
2021-05-27,Afghanistan,0,0,0,37,0
2021-05-27,Japan,12,0,0,110,0
2021-05-27,Sweden,0,0,0,8,1
2021-05-28,Afghanistan,0,0,0,37,0
2021-05-28,Japan,12,0,0,110,0
2021-05-28,Sweden,0,0,0,8,1
2021-05-29,Afghanistan,0,0,0,37,0
2021-05-29,Japan,12,0,0,110,0
2021-05-29,Sweden,0,0,0,8,1
2021-05-30,Afghanistan,0,0,0,37,0
2021-05-30,Japan,12,0,0,110,0
2021-05-30,Sweden,0,0,0,8,1
2021-05-31,Afghanistan,0,0,0,37,0
2021-05-31,Japan,12,0,0,110,0
2021-05-31,Sweden,0,0,0,8,1
2021-06-01,Afghanistan,0,0,0,37,0
2021-06-01,Japan,12,0,0,110,0
2021-06-01,Sweden,0,0,0,8,1
2021-06-02,Afghanistan,0,0,0,37,0
2021-06-02,Japan,12,0,0,110,0
2021-06-02,Sweden,0,0,0,8,1
2021-06-03,Afghanistan,0,0,0,37,0
2021-06-03,Japan,12,0,0,110,0
2021-06-03,Sweden,0,0,0,8,1
2021-06-04,Afghanistan,0,0,0,37,0
2021-06-04,Japan,12,0,0,110,0
2021-06-04,Sweden,0,0,0,8,1
2021-06-05,Afghanistan,0,0,0,37,0
2021-06-05,Japan,12,0,0,110,0
2021-06-05,Sweden,0,0,0,8,1
2021-06-06,Afghanistan,0,0,0,37,0
2021-06-06,Japan,12,0,0,110,0
2021-06-06,Sweden,0,0,0,9,0
2021-06-07,Afghanistan,0,0,0,37,0
2021-06-07,Japan,12,0,0,110,0
2021-06-07,Sweden,0,0,0,9,0
2021-06-08,Afghanistan,0,0,0,37,0
2021-06-08,Japan,12,0,0,110,0
2021-06-08,Sweden,0,0,0,9,0
2021-06-09,Afghanistan,0,0,0,37,0
2021-06-09,Japan,12,0,0,110,0
2021-06-09,Sweden,0,0,0,9,0
2021-06-10,Afghanistan,0,0,0,37,0
2021-06-10,Japan,12,0,0,110,0
2021-06-10,Sweden,0,0,0,9,0
2021-06-11,Afghanistan,0,0,0,37,0
2021-06-11,Japan,12,0,0,110,0
2021-06-11,Sweden,0,0,0,9,0
2021-06-12,Afghanistan,0,0,0,37,0
2021-06-12,Japan,12,0,0,110,0
2021-06-12,Sweden,0,0,0,9,0
2021-06-13,Afghanistan,0,0,0,37,0
2021-06-13,Japan,12,0,0,110,0
2021-06-13,Sweden,0,0,0,9,0
2021-06-14,Afghanistan,0,0,0,37,0
2021-06-14,Japan,12,0,0,110,0
2021-06-14,Sweden,0,0,0,9,0
2021-06-15,Afghanistan,0,0,0,37,0
2021-06-15,Japan,12,0,0,110,0
2021-06-15,Sweden,0,0,0,9,0
2021-06-16,Afghanistan,0,0,0,37,0
2021-06-16,Japan,12,0,0,110,0
2021-06-16,Sweden,0,0,0,9,0
2021-06-17,Afghanistan,0,0,0,37,0
2021-06-17,Japan,12,0,0,110,0
2021-06-17,Sweden,0,0,0,9,0
2021-06-18,Afghanistan,0,0,0,37,0
2021-06-18,Japan,12,0,0,110,0
2021-06-18,Sweden,0,0,0,9,0
2021-06-19,Afghanistan,0,0,0,37,0
2021-06-19,Japan,12,0,0,110,0
2021-06-19,Sweden,0,0,0,9,0
2021-06-20,Afghanistan,0,0,0,37,0
2021-06-20,Japan,12,0,0,110,0
2021-06-20,Sweden,0,0,0,9,0
2021-06-21,Afghanistan,0,0,0,37,0
2021-06-21,Japan,12,0,0,110,0
2021-06-21,Sweden,0,0,0,9,0
2021-06-22,Afghanistan,0,0,0,37,0
2021-06-22,Japan,12,0,0,110,0
2021-06-22,Sweden,0,0,0,9,0
2021-06-23,Afghanistan,0,0,0,37,0
2021-06-23,Japan,12,0,0,110,0
2021-06-23,Sweden,0,0,0,9,0
2021-06-24,Afghanistan,0,0,0,37,0
2021-06-24,Japan,12,0,0,110,0
2021-06-24,Sweden,0,0,0,9,0
2021-06-25,Afghanistan,0,0,0,37,0
2021-06-25,Japan,12,0,0,110,0
2021-06-25,Sweden,0,0,0,9,0
2021-06-26,Afghanistan,0,0,0,37,0
2021-06-26,Japan,12,0,0,110,0
2021-06-26,Sweden,0,0,0,9,0
2021-06-27,Afghanistan,0,0,0,37,0
2021-06-27,Japan,12,0,0,110,0
2021-06-27,Sweden,0,0,0,9,0
2021-06-28,Afghanistan,0,0,0,37,0
2021-06-28,Japan,12,0,0,110,0
2021-06-28,Sweden,0,0,0,9,0
2021-06-29,Afghanistan,0,0,0,37,0
2021-06-29,Japan,12,0,0,110,0
2021-06-29,Sweden,0,0,0,9,0
2021-06-30,Afghanistan,0,0,0,37,0
2021-06-30,Japan,12,0,0,110,0
2021-06-30,Sweden,0,0,0,9,0
2021-07-01,Afghanistan,0,0,0,37,0
2021-07-01,Japan,12,0,0,110,0
2021-07-01,Sweden,0,0,0,9,0
2021-07-02,Afghanistan,0,0,0,37,0
2021-07-02,Japan,12,0,0,110,0
2021-07-02,Sweden,0,0,0,9,0
2021-07-03,Afghanistan,0,0,0,37,0
2021-07-03,Japan,12,0,0,110,0
2021-07-03,Sweden,0,0,0,9,0
2021-07-04,Afghanistan,0,0,0,37,0
2021-07-04,Japan,12,0,0,110,0
2021-07-04,Sweden,0,0,0,9,0
2021-07-05,Afghanistan,0,0,0,37,0
2021-07-05,Japan,12,0,0,110,0
2021-07-05,Sweden,0,0,0,9,0
2021-07-06,Afghanistan,0,0,0,37,0
2021-07-06,Japan,12,0,0,110,0
2021-07-06,Sweden,0,0,0,9,0
2021-07-07,Afghanistan,0,0,0,37,0
2021-07-07,Japan,12,0,0,110,0
2021-07-07,Sweden,0,0,0,9,0
2021-07-08,Afghanistan,0,0,0,37,0
2021-07-08,Japan,12,0,0,110,0
2021-07-08,Sweden,0,0,0,9,0
2021-07-09,Afghanistan,0,0,0,37,0
2021-07-09,Japan,12,0,0,110,0
2021-07-09,Sweden,0,0,0,9,0
2021-07-10,Afghanistan,0,0,0,37,0
2021-07-10,Japan,12,0,0,110,0
2021-07-10,Sweden,0,0,0,9,0
2021-07-11,Afghanistan,0,0,0,37,0
2021-07-11,Japan,12,0,0,110,0
2021-07-11,Sweden,0,0,0,9,0
2021-07-12,Afghanistan,0,0,0,37,0
2021-07-12,Japan,12,0,0,110,0
2021-07-12,Sweden,0,0,0,9,0
2021-07-13,Afghanistan,0,0,0,37,0
2021-07-13,Japan,12,0,0,110,0
2021-07-13,Sweden,0,0,0,9,0
2021-07-14,Afghanistan,0,0,0,37,0
2021-07-14,Japan,12,0,0,110,0
2021-07-14,Sweden,0,0,0,9,0
2021-07-15,Afghanistan,0,0,0,37,0
2021-07-15,Japan,12,0,0,110,0
2021-07-15,Sweden,0,0,0,9,0
2021-07-16,Afghanistan,0,0,0,37,0
2021-07-16,Japan,12,0,0,110,0
2021-07-16,Sweden,0,0,0,9,0
2021-07-17,Afghanistan,0,0,0,37,0
2021-07-17,Japan,12,0,0,110,0
2021-07-17,Sweden,0,0,0,9,0
2021-07-18,Afghanistan,0,0,0,37,0
2021-07-18,Japan,12,0,0,110,0
2021-07-18,Sweden,0,0,0,9,0
2021-07-19,Afghanistan,0,0,0,37,0
2021-07-19,Japan,12,0,0,110,0
2021-07-19,Sweden,0,0,0,9,0
2021-07-20,Afghanistan,0,0,0,37,0
2021-07-20,Japan,12,0,0,110,0
2021-07-20,Sweden,0,0,0,9,0
2021-07-21,Afghanistan,0,0,0,37,0
2021-07-21,Japan,12,0,0,110,0
2021-07-21,Sweden,0,0,0,9,0
2021-07-22,Afghanistan,0,0,0,37,0
2021-07-22,Japan,12,0,0,110,0
2021-07-22,Sweden,0,0,0,9,0
2021-07-23,Afghanistan,0,0,0,37,0
2021-07-23,Japan,12,0,0,110,0
2021-07-23,Sweden,0,0,0,9,0
2021-07-24,Afghanistan,0,0,0,37,0
2021-07-24,Japan,12,0,0,110,0
2021-07-24,Sweden,0,0,0,9,0
2021-07-25,Afghanistan,0,0,0,37,0
2021-07-25,Japan,12,0,0,110,0
2021-07-25,Sweden,0,0,0,9,0
2021-07-26,Afghanistan,0,0,0,37,0
2021-07-26,Japan,12,0,0,110,0
2021-07-26,Sweden,0,0,0,9,0
2021-07-27,Afghanistan,0,0,0,37,0
2021-07-27,Japan,12,0,0,110,0
2021-07-27,Sweden,0,0,0,9,0
2021-07-28,Afghanistan,0,0,0,37,0
2021-07-28,Japan,12,0,0,110,0
2021-07-28,Sweden,0,0,0,9,0
2021-07-29,Afghanistan,0,0,0,37,0
2021-07-29,Japan,12,0,0,110,0
2021-07-29,Sweden,0,0,0,9,0
2021-07-30,Afghanistan,0,0,0,37,0
2021-07-30,Japan,12,0,0,110,0
2021-07-30,Sweden,0,0,0,9,0
2021-07-31,Afghanistan,0,0,0,37,0
2021-07-31,Japan,12,0,0,110,0
2021-07-31,Sweden,0,0,0,9,0
2021-08-01,Afghanistan,0,0,0,37,0
2021-08-01,Japan,12,0,0,110,0
2021-08-01,Sweden,0,0,0,9,0
2021-08-02,Afghanistan,0,0,0,37,0
2021-08-02,Japan,12,0,0,110,0
2021-08-02,Sweden,0,0,0,9,0
2021-08-03,Afghanistan,0,3,0,34,0
2021-08-03,Japan,12,17,0,93,0
2021-08-03,Sweden,0,1,0,8,0
2021-08-04,Afghanistan,0,3,1,33,0
2021-08-04,Japan,12,23,5,82,0
2021-08-04,Sweden,0,3,0,6,0
2021-08-05,Afghanistan,0,5,3,29,0
2021-08-05,Japan,12,25,13,72,0
2021-08-05,Sweden,0,2,1,6,0
2021-08-06,Afghanistan,0,5,4,28,0
2021-08-06,Japan,12,25,21,64,0
2021-08-06,Sweden,0,3,1,5,0
2021-08-07,Afghanistan,0,4,6,27,0
2021-08-07,Japan,12,21,30,59,0
2021-08-07,Sweden,0,1,3,5,0
2021-08-08,Afghanistan,0,4,5,28,0
2021-08-08,Japan,12,19,31,57,3
2021-08-08,Sweden,0,1,3,5,0
2021-08-09,Afghanistan,0,4,4,27,2
2021-08-09,Japan,12,17,28,55,10
2021-08-09,Sweden,0,0,3,6,0
2021-08-10,Afghanistan,0,5,4,25,3
2021-08-10,Japan,12,14,24,57,15
2021-08-10,Sweden,0,0,3,6,0
2021-08-11,Afghanistan,0,4,3,26,4
2021-08-11,Japan,12,11,20,60,19
2021-08-11,Sweden,0,0,1,6,2
2021-08-12,Afghanistan,0,3,4,26,4
2021-08-12,Japan,12,12,14,63,21
2021-08-12,Sweden,0,0,1,6,2
2021-08-13,Afghanistan,0,2,4,27,4
2021-08-13,Japan,12,10,12,64,24
2021-08-13,Sweden,0,0,0,7,2
2021-08-14,Afghanistan,0,2,3,27,5
2021-08-14,Japan,12,8,10,68,24
2021-08-14,Sweden,0,0,0,7,2
2021-08-15,Afghanistan,0,2,2,28,5
2021-08-15,Japan,12,7,6,70,27
2021-08-15,Sweden,0,0,0,7,2
2021-08-16,Afghanistan,0,3,1,27,6
2021-08-16,Japan,12,6,7,70,27
2021-08-16,Sweden,0,0,0,7,2
2021-08-17,Afghanistan,0,12,0,18,7
2021-08-17,Japan,12,14,6,62,28
2021-08-17,Sweden,0,0,0,7,2
2021-08-18,Afghanistan,0,10,3,17,7
2021-08-18,Japan,12,21,8,52,29
2021-08-18,Sweden,0,1,0,6,2
2021-08-19,Afghanistan,0,7,7,16,7
2021-08-19,Japan,12,28,10,43,29
2021-08-19,Sweden,0,1,0,6,2
2021-08-20,Afghanistan,0,7,9,14,7
2021-08-20,Japan,12,23,20,38,29
2021-08-20,Sweden,0,0,1,6,2
2021-08-21,Afghanistan,0,9,9,12,7
2021-08-21,Japan,12,20,22,38,30
2021-08-21,Sweden,0,0,1,6,2
2021-08-22,Afghanistan,0,8,7,14,8
2021-08-22,Japan,12,17,22,40,31
2021-08-22,Sweden,0,2,1,4,2
2021-08-23,Afghanistan,2,8,3,16,8
2021-08-23,Japan,15,15,22,45,25
2021-08-23,Sweden,0,2,1,4,2
2021-08-24,Afghanistan,2,9,1,16,9
2021-08-24,Japan,16,13,17,51,25
2021-08-24,Sweden,0,0,2,5,2
2021-08-25,Afghanistan,2,8,2,17,8
2021-08-25,Japan,16,9,17,57,23
2021-08-25,Sweden,1,0,2,6,0
2021-08-26,Afghanistan,2,8,2,17,8
2021-08-26,Japan,17,8,14,59,24
2021-08-26,Sweden,1,0,2,6,0
2021-08-27,Afghanistan,2,8,3,16,8
2021-08-27,Japan,17,7,12,64,22
2021-08-27,Sweden,1,1,2,5,0
2021-08-28,Afghanistan,2,9,3,16,7
2021-08-28,Japan,17,6,7,67,25
2021-08-28,Sweden,1,1,0,5,2
2021-08-29,Afghanistan,2,10,2,15,8
2021-08-29,Japan,19,5,4,69,25
2021-08-29,Sweden,1,1,0,5,2
2021-08-30,Afghanistan,2,10,1,16,8
2021-08-30,Japan,19,4,4,69,26
2021-08-30,Sweden,1,1,0,5,2
2021-08-31,Afghanistan,2,9,1,17,8
2021-08-31,Japan,19,5,3,70,25
2021-08-31,Sweden,1,1,0,5,2
2021-09-01,Afghanistan,2,8,3,16,8
2021-09-01,Japan,19,4,3,71,25
2021-09-01,Sweden,1,1,0,5,2
2021-09-02,Afghanistan,2,8,3,16,8
2021-09-02,Japan,19,4,2,71,26
2021-09-02,Sweden,1,0,1,5,2
2021-09-03,Afghanistan,2,6,5,16,8
2021-09-03,Japan,19,2,3,71,27
2021-09-03,Sweden,1,0,1,5,2
2021-09-04,Afghanistan,2,7,4,15,9
2021-09-04,Japan,20,2,3,71,26
2021-09-04,Sweden,1,0,1,5,2
2021-09-05,Afghanistan,2,6,3,16,10
2021-09-05,Japan,21,2,2,75,22
2021-09-05,Sweden,1,0,1,5,2
2021-09-06,Afghanistan,2,4,5,18,8
2021-09-06,Japan,22,3,2,74,21
2021-09-06,Sweden,1,0,0,6,2
2021-09-07,Afghanistan,2,4,3,20,8
2021-09-07,Japan,23,2,1,80,16
2021-09-07,Sweden,1,0,0,6,2
2021-09-08,Afghanistan,2,4,3,20,8
2021-09-08,Japan,24,2,1,81,14
2021-09-08,Sweden,1,0,0,6,2
2021-09-09,Afghanistan,2,2,4,20,9
2021-09-09,Japan,24,2,1,84,11
2021-09-09,Sweden,1,0,0,6,2
2021-09-10,Afghanistan,2,2,2,22,9
2021-09-10,Japan,24,2,1,85,10
2021-09-10,Sweden,1,0,0,6,2
2021-09-11,Afghanistan,2,1,3,22,9
2021-09-11,Japan,24,2,0,88,8
2021-09-11,Sweden,1,0,0,8,0
2021-09-12,Afghanistan,3,1,3,22,8
2021-09-12,Japan,24,2,0,91,5
2021-09-12,Sweden,1,0,0,8,0
2021-09-13,Afghanistan,3,2,1,23,8
2021-09-13,Japan,24,2,0,92,4
2021-09-13,Sweden,1,0,0,8,0
2021-09-14,Afghanistan,3,2,1,24,7
2021-09-14,Japan,24,2,0,92,4
2021-09-14,Sweden,1,0,0,8,0
2021-09-15,Afghanistan,3,1,1,25,7
2021-09-15,Japan,24,2,0,93,3
2021-09-15,Sweden,1,0,0,8,0
2021-09-16,Afghanistan,3,1,1,25,7
2021-09-16,Japan,24,2,0,94,2
2021-09-16,Sweden,1,0,0,8,0
2021-09-17,Afghanistan,3,1,1,25,7
2021-09-17,Japan,24,1,1,95,1
2021-09-17,Sweden,1,0,0,8,0
2021-09-18,Afghanistan,3,1,1,26,6
2021-09-18,Japan,24,1,1,95,1
2021-09-18,Sweden,1,0,0,8,0
2021-09-19,Afghanistan,3,0,1,29,4
2021-09-19,Japan,24,1,1,95,1
2021-09-19,Sweden,1,0,0,8,0
2021-09-20,Afghanistan,3,0,1,29,4
2021-09-20,Japan,24,1,1,95,1
2021-09-20,Sweden,1,0,0,8,0
2021-09-21,Afghanistan,3,0,1,31,2
2021-09-21,Japan,24,0,1,96,1
2021-09-21,Sweden,1,0,0,8,0
2021-09-22,Afghanistan,3,0,1,31,2
2021-09-22,Japan,24,0,1,96,1
2021-09-22,Sweden,1,0,0,8,0
2021-09-23,Afghanistan,3,0,0,33,1
2021-09-23,Japan,24,0,1,96,1
2021-09-23,Sweden,1,0,0,8,0
2021-09-24,Afghanistan,3,0,0,33,1
2021-09-24,Japan,24,1,1,95,1
2021-09-24,Sweden,1,0,0,8,0
2021-09-25,Afghanistan,3,0,0,33,1
2021-09-25,Japan,25,1,0,95,1
2021-09-25,Sweden,1,0,0,8,0
2021-09-26,Afghanistan,3,0,0,33,1
2021-09-26,Japan,25,1,0,95,1
2021-09-26,Sweden,1,0,0,8,0
2021-09-27,Afghanistan,3,0,0,34,0
2021-09-27,Japan,25,1,0,95,1
2021-09-27,Sweden,1,0,0,8,0
2021-09-28,Afghanistan,3,0,0,34,0
2021-09-28,Japan,25,1,0,95,1
2021-09-28,Sweden,1,0,0,8,0
2021-09-29,Afghanistan,3,0,0,34,0
2021-09-29,Japan,25,0,1,95,1
2021-09-29,Sweden,1,0,0,8,0
2021-09-30,Afghanistan,3,0,0,34,0
2021-09-30,Japan,25,0,1,95,1
2021-09-30,Sweden,1,0,0,8,0
2021-10-01,Afghanistan,3,0,0,34,0
2021-10-01,Japan,25,0,1,95,1
2021-10-01,Sweden,1,0,0,8,0
2021-10-02,Afghanistan,3,0,0,34,0
2021-10-02,Japan,25,0,1,95,1
2021-10-02,Sweden,1,0,0,8,0
2021-10-03,Afghanistan,3,0,0,34,0
2021-10-03,Japan,25,0,0,96,1
2021-10-03,Sweden,1,0,0,8,0
2021-10-04,Afghanistan,3,0,0,34,0
2021-10-04,Japan,25,0,0,96,1
2021-10-04,Sweden,1,1,0,7,0
2021-10-05,Afghanistan,3,0,0,34,0
2021-10-05,Japan,25,0,0,96,1
2021-10-05,Sweden,1,1,0,7,0
2021-10-06,Afghanistan,3,0,0,34,0
2021-10-06,Japan,25,0,0,96,1
2021-10-06,Sweden,1,1,0,7,0
2021-10-07,Afghanistan,3,0,0,34,0
2021-10-07,Japan,25,0,0,96,1
2021-10-07,Sweden,1,1,0,7,0
2021-10-08,Afghanistan,3,0,0,34,0
2021-10-08,Japan,25,0,0,96,1
2021-10-08,Sweden,1,1,0,7,0
2021-10-09,Afghanistan,3,0,0,34,0
2021-10-09,Japan,25,0,0,97,0
2021-10-09,Sweden,1,1,0,7,0
2021-10-10,Afghanistan,3,0,0,34,0
2021-10-10,Japan,25,0,0,97,0
2021-10-10,Sweden,1,1,0,7,0
2021-10-11,Afghanistan,3,0,0,34,0
2021-10-11,Japan,25,0,0,97,0
2021-10-11,Sweden,1,0,1,7,0
2021-10-12,Afghanistan,3,0,0,34,0
2021-10-12,Japan,25,0,0,97,0
2021-10-12,Sweden,1,0,1,7,0
2021-10-13,Afghanistan,3,0,0,34,0
2021-10-13,Japan,25,0,0,97,0
2021-10-13,Sweden,1,0,1,7,0
2021-10-14,Afghanistan,3,0,0,34,0
2021-10-14,Japan,25,0,0,97,0
2021-10-14,Sweden,1,0,1,7,0
2021-10-15,Afghanistan,3,0,0,34,0
2021-10-15,Japan,25,0,0,97,0
2021-10-15,Sweden,1,0,0,7,1
2021-10-16,Afghanistan,3,0,0,34,0
2021-10-16,Japan,25,0,0,97,0
2021-10-16,Sweden,1,0,0,7,1
2021-10-17,Afghanistan,3,0,0,34,0
2021-10-17,Japan,25,0,0,97,0
2021-10-17,Sweden,1,0,0,7,1
2021-10-18,Afghanistan,3,0,0,34,0
2021-10-18,Japan,25,0,0,97,0
2021-10-18,Sweden,1,0,0,7,1
2021-10-19,Afghanistan,3,0,0,34,0
2021-10-19,Japan,25,0,0,97,0
2021-10-19,Sweden,1,0,0,7,1
2021-10-20,Afghanistan,3,0,0,34,0
2021-10-20,Japan,25,0,0,97,0
2021-10-20,Sweden,1,0,0,7,1
2021-10-21,Afghanistan,3,0,0,34,0
2021-10-21,Japan,25,0,0,97,0
2021-10-21,Sweden,1,0,0,7,1
2021-10-22,Afghanistan,3,0,0,34,0
2021-10-22,Japan,25,0,0,97,0
2021-10-22,Sweden,1,0,0,7,1
2021-10-23,Afghanistan,3,0,0,34,0
2021-10-23,Japan,25,0,0,97,0
2021-10-23,Sweden,1,0,0,7,1
2021-10-24,Afghanistan,3,0,0,34,0
2021-10-24,Japan,25,0,0,97,0
2021-10-24,Sweden,1,0,0,7,1
2021-10-25,Afghanistan,3,0,0,34,0
2021-10-25,Japan,25,0,0,97,0
2021-10-25,Sweden,1,0,0,7,1
2021-10-26,Afghanistan,3,0,0,34,0
2021-10-26,Japan,25,0,0,97,0
2021-10-26,Sweden,1,0,0,7,1
2021-10-27,Afghanistan,3,0,0,34,0
2021-10-27,Japan,25,0,0,97,0
2021-10-27,Sweden,1,0,0,7,1
2021-10-28,Afghanistan,3,0,0,34,0
2021-10-28,Japan,25,0,0,97,0
2021-10-28,Sweden,1,0,0,7,1
2021-10-29,Afghanistan,3,0,0,34,0
2021-10-29,Japan,25,0,0,97,0
2021-10-29,Sweden,1,0,0,8,0
2021-10-30,Afghanistan,3,0,0,34,0
2021-10-30,Japan,25,0,0,97,0
2021-10-30,Sweden,1,0,0,8,0
2021-10-31,Afghanistan,3,0,0,34,0
2021-10-31,Japan,25,0,0,97,0
2021-10-31,Sweden,1,0,0,8,0
2021-11-01,Afghanistan,3,0,0,34,0
2021-11-01,Japan,25,0,0,97,0
2021-11-01,Sweden,1,0,0,8,0
2021-11-02,Afghanistan,3,0,0,34,0
2021-11-02,Japan,25,0,0,97,0
2021-11-02,Sweden,1,0,0,8,0
2021-11-03,Afghanistan,3,0,0,34,0
2021-11-03,Japan,25,0,0,97,0
2021-11-03,Sweden,1,0,0,8,0
2021-11-04,Afghanistan,3,0,0,34,0
2021-11-04,Japan,25,0,0,97,0
2021-11-04,Sweden,1,0,0,8,0
2021-11-05,Afghanistan,3,0,0,34,0
2021-11-05,Japan,25,0,0,97,0
2021-11-05,Sweden,1,0,0,8,0
2021-11-06,Afghanistan,3,0,0,34,0
2021-11-06,Japan,25,0,0,97,0
2021-11-06,Sweden,1,0,0,8,0
2021-11-07,Afghanistan,3,0,0,34,0
2021-11-07,Japan,25,0,0,97,0
2021-11-07,Sweden,1,0,0,8,0
2021-11-08,Afghanistan,3,0,0,34,0
2021-11-08,Japan,25,0,0,97,0
2021-11-08,Sweden,1,0,0,8,0
2021-11-09,Afghanistan,3,0,0,34,0
2021-11-09,Japan,25,0,0,97,0
2021-11-09,Sweden,1,0,0,8,0
2021-11-10,Afghanistan,3,0,0,34,0
2021-11-10,Japan,25,0,0,97,0
2021-11-10,Sweden,1,0,0,8,0
2021-11-11,Afghanistan,3,0,0,34,0
2021-11-11,Japan,25,0,0,97,0
2021-11-11,Sweden,1,0,0,8,0
2021-11-12,Afghanistan,3,0,0,34,0
2021-11-12,Japan,25,0,0,97,0
2021-11-12,Sweden,1,0,0,8,0
2021-11-13,Afghanistan,3,0,0,34,0
2021-11-13,Japan,25,0,0,97,0
2021-11-13,Sweden,1,0,0,8,0
2021-11-14,Afghanistan,3,0,0,34,0
2021-11-14,Japan,25,0,0,97,0
2021-11-14,Sweden,1,0,0,8,0
2021-11-15,Afghanistan,3,0,0,34,0
2021-11-15,Japan,25,0,0,97,0
2021-11-15,Sweden,1,0,0,8,0
2021-11-16,Afghanistan,3,0,0,34,0
2021-11-16,Japan,25,0,0,97,0
2021-11-16,Sweden,1,0,0,8,0
2021-11-17,Afghanistan,3,0,0,34,0
2021-11-17,Japan,25,0,0,97,0
2021-11-17,Sweden,1,0,0,8,0
2021-11-18,Afghanistan,3,0,0,34,0
2021-11-18,Japan,25,0,0,97,0
2021-11-18,Sweden,1,0,0,8,0
2021-11-19,Afghanistan,3,0,0,34,0
2021-11-19,Japan,25,0,0,97,0
2021-11-19,Sweden,1,0,0,8,0
2021-11-20,Afghanistan,3,0,0,34,0
2021-11-20,Japan,25,0,0,97,0
2021-11-20,Sweden,1,0,0,8,0
2021-11-21,Afghanistan,3,0,0,34,0
2021-11-21,Japan,25,0,0,97,0
2021-11-21,Sweden,1,0,0,8,0
2021-11-22,Afghanistan,3,0,0,34,0
2021-11-22,Japan,25,0,0,97,0
2021-11-22,Sweden,1,0,0,8,0
2021-11-23,Afghanistan,3,0,0,34,0
2021-11-23,Japan,25,0,0,97,0
2021-11-23,Sweden,1,0,0,8,0
2021-11-24,Afghanistan,3,0,0,34,0
2021-11-24,Japan,25,0,0,97,0
2021-11-24,Sweden,1,0,0,8,0
2021-11-25,Afghanistan,3,0,0,34,0
2021-11-25,Japan,25,0,0,97,0
2021-11-25,Sweden,1,0,0,8,0
2021-11-26,Afghanistan,3,0,0,34,0
2021-11-26,Japan,25,0,0,97,0
2021-11-26,Sweden,1,0,0,8,0
2021-11-27,Afghanistan,3,0,0,34,0
2021-11-27,Japan,25,0,0,97,0
2021-11-27,Sweden,1,0,0,8,0
2021-11-28,Afghanistan,3,0,0,34,0
2021-11-28,Japan,25,0,0,97,0
2021-11-28,Sweden,1,0,0,8,0
2021-11-29,Afghanistan,3,0,0,34,0
2021-11-29,Japan,25,0,0,97,0
2021-11-29,Sweden,1,0,0,8,0
2021-11-30,Afghanistan,3,0,0,34,0
2021-11-30,Japan,25,0,0,97,0
2021-11-30,Sweden,1,0,0,8,0
2021-12-01,Afghanistan,3,0,0,34,0
2021-12-01,Japan,25,0,0,97,0
2021-12-01,Sweden,1,0,0,8,0
2021-12-02,Afghanistan,3,0,0,34,0
2021-12-02,Japan,25,0,0,97,0
2021-12-02,Sweden,1,0,0,8,0
2021-12-03,Afghanistan,3,0,0,34,0
2021-12-03,Japan,25,0,0,97,0
2021-12-03,Sweden,1,0,0,8,0
2021-12-04,Afghanistan,3,0,0,34,0
2021-12-04,Japan,25,0,0,97,0
2021-12-04,Sweden,1,0,0,8,0
2021-12-05,Afghanistan,3,0,0,34,0
2021-12-05,Japan,25,0,0,97,0
2021-12-05,Sweden,1,0,0,8,0
2021-12-06,Afghanistan,3,1,0,33,0
2021-12-06,Japan,25,2,0,95,0
2021-12-06,Sweden,1,0,0,8,0
2021-12-07,Afghanistan,3,0,1,33,0
2021-12-07,Japan,25,3,0,94,0
2021-12-07,Sweden,1,1,0,7,0
2021-12-08,Afghanistan,3,0,1,33,0
2021-12-08,Japan,25,6,0,91,0
2021-12-08,Sweden,1,0,1,7,0
2021-12-09,Afghanistan,3,1,1,32,0
2021-12-09,Japan,25,8,3,86,0
2021-12-09,Sweden,1,0,1,7,0
2021-12-10,Afghanistan,3,1,1,32,0
2021-12-10,Japan,25,8,7,82,0
2021-12-10,Sweden,1,0,1,7,0
2021-12-11,Afghanistan,3,1,1,32,0
2021-12-11,Japan,25,8,9,80,0
2021-12-11,Sweden,1,1,1,6,0
2021-12-12,Afghanistan,3,1,1,32,0
2021-12-12,Japan,25,11,10,76,0
2021-12-12,Sweden,1,0,1,6,1
2021-12-13,Afghanistan,3,1,2,31,0
2021-12-13,Japan,25,8,12,74,3
2021-12-13,Sweden,1,0,1,6,1
2021-12-14,Afghanistan,3,1,2,31,0
2021-12-14,Japan,25,7,9,76,5
2021-12-14,Sweden,1,0,1,6,1
2021-12-15,Afghanistan,3,0,2,31,1
2021-12-15,Japan,25,6,10,74,7
2021-12-15,Sweden,1,0,1,6,1
2021-12-16,Afghanistan,3,0,2,31,1
2021-12-16,Japan,25,4,12,73,8
2021-12-16,Sweden,1,0,0,6,2
2021-12-17,Afghanistan,3,0,1,32,1
2021-12-17,Japan,25,4,8,75,10
2021-12-17,Sweden,1,0,0,6,2
2021-12-18,Afghanistan,3,0,1,32,1
2021-12-18,Japan,25,4,8,74,11
2021-12-18,Sweden,1,0,0,6,2
2021-12-19,Afghanistan,3,0,0,33,1
2021-12-19,Japan,25,4,6,75,12
2021-12-19,Sweden,1,0,0,6,2
2021-12-20,Afghanistan,3,2,0,31,1
2021-12-20,Japan,25,5,5,73,14
2021-12-20,Sweden,1,0,0,6,2
2021-12-21,Afghanistan,3,4,0,29,1
2021-12-21,Japan,25,9,6,67,15
2021-12-21,Sweden,1,0,0,6,2
2021-12-22,Afghanistan,3,5,0,28,1
2021-12-22,Japan,25,13,11,57,16
2021-12-22,Sweden,1,1,0,5,2
2021-12-23,Afghanistan,3,6,0,27,1
2021-12-23,Japan,25,15,14,51,17
2021-12-23,Sweden,1,2,0,4,2
2021-12-24,Afghanistan,3,5,2,26,1
2021-12-24,Japan,25,15,14,51,17
2021-12-24,Sweden,1,0,2,4,2
2021-12-25,Afghanistan,3,3,4,26,1
2021-12-25,Japan,25,18,14,47,18
2021-12-25,Sweden,1,0,2,4,2
2021-12-26,Afghanistan,3,4,4,25,1
2021-12-26,Japan,25,17,12,48,20
2021-12-26,Sweden,1,0,2,5,1
2021-12-27,Afghanistan,3,3,5,25,1
2021-12-27,Japan,27,13,14,50,18
2021-12-27,Sweden,1,0,2,5,1
2021-12-28,Afghanistan,3,4,3,25,2
2021-12-28,Japan,28,9,16,52,17
2021-12-28,Sweden,1,0,0,5,3
2021-12-29,Afghanistan,3,5,1,26,2
2021-12-29,Japan,28,7,18,53,16
2021-12-29,Sweden,1,0,0,5,3
2021-12-30,Afghanistan,3,4,2,26,2
2021-12-30,Japan,28,5,17,56,16
2021-12-30,Sweden,1,0,0,6,2
2021-12-31,Afghanistan,3,2,3,27,2
2021-12-31,Japan,29,3,13,61,16
2021-12-31,Sweden,1,0,0,6,2
2022-01-01,Afghanistan,3,2,3,27,2
2022-01-01,Japan,29,3,9,62,19
2022-01-01,Sweden,1,0,0,6,2
2022-01-02,Afghanistan,3,2,3,27,2
2022-01-02,Japan,29,2,6,66,19
2022-01-02,Sweden,1,0,0,6,2
2022-01-03,Afghanistan,3,3,2,27,2
2022-01-03,Japan,29,6,3,65,19
2022-01-03,Sweden,1,0,0,6,2
2022-01-04,Afghanistan,3,5,0,26,3
2022-01-04,Japan,29,2,5,66,20
2022-01-04,Sweden,1,1,0,5,2
2022-01-05,Afghanistan,3,7,0,24,3
2022-01-05,Japan,30,7,6,60,19
2022-01-05,Sweden,1,1,0,5,2
2022-01-06,Afghanistan,3,5,2,24,3
2022-01-06,Japan,30,4,9,60,19
2022-01-06,Sweden,1,1,0,5,2
2022-01-07,Afghanistan,3,3,4,24,3
2022-01-07,Japan,30,4,12,57,19
2022-01-07,Sweden,1,1,0,5,2
2022-01-08,Afghanistan,3,5,4,22,3
2022-01-08,Japan,30,3,10,57,22
2022-01-08,Sweden,1,1,0,5,2
2022-01-09,Afghanistan,3,2,7,22,3
2022-01-09,Japan,31,6,9,56,20
2022-01-09,Sweden,1,2,1,3,2
2022-01-10,Afghanistan,3,2,5,24,3
2022-01-10,Japan,31,6,8,56,21
2022-01-10,Sweden,1,1,2,3,2
2022-01-11,Afghanistan,3,3,4,25,2
2022-01-11,Japan,31,6,6,57,22
2022-01-11,Sweden,2,0,3,4,0
2022-01-12,Afghanistan,3,4,4,25,1
2022-01-12,Japan,31,5,5,59,22
2022-01-12,Sweden,2,0,3,4,0
2022-01-13,Afghanistan,3,5,1,26,2
2022-01-13,Japan,31,6,5,59,21
2022-01-13,Sweden,2,0,2,4,1
2022-01-14,Afghanistan,3,5,1,26,2
2022-01-14,Japan,31,5,4,62,20
2022-01-14,Sweden,2,0,1,4,2
2022-01-15,Afghanistan,3,5,0,26,3
2022-01-15,Japan,32,5,4,65,16
2022-01-15,Sweden,2,0,0,5,2
2022-01-16,Afghanistan,3,5,1,25,3
2022-01-16,Japan,32,4,4,67,15
2022-01-16,Sweden,2,0,0,5,2
2022-01-17,Afghanistan,3,7,2,22,3
2022-01-17,Japan,32,4,4,69,13
2022-01-17,Sweden,2,0,0,5,2
2022-01-18,Afghanistan,3,7,2,23,2
2022-01-18,Japan,33,4,2,71,12
2022-01-18,Sweden,2,0,0,5,2
2022-01-19,Afghanistan,3,9,2,21,2
2022-01-19,Japan,33,5,1,71,12
2022-01-19,Sweden,2,0,0,5,2
2022-01-20,Afghanistan,3,8,2,22,2
2022-01-20,Japan,34,5,0,71,12
2022-01-20,Sweden,2,0,0,5,2
2022-01-21,Afghanistan,3,8,3,21,2
2022-01-21,Japan,34,4,1,71,12
2022-01-21,Sweden,2,0,0,5,2
2022-01-22,Afghanistan,3,6,5,21,2
2022-01-22,Japan,35,4,1,74,8
2022-01-22,Sweden,2,0,0,5,2
2022-01-23,Afghanistan,3,4,7,21,2
2022-01-23,Japan,35,4,1,74,8
2022-01-23,Sweden,2,0,0,5,2
2022-01-24,Afghanistan,3,3,7,21,3
2022-01-24,Japan,36,3,2,75,6
2022-01-24,Sweden,2,0,0,5,2
2022-01-25,Afghanistan,3,4,5,21,4
2022-01-25,Japan,37,3,1,76,5
2022-01-25,Sweden,2,0,0,5,2
2022-01-26,Afghanistan,3,4,3,21,6
2022-01-26,Japan,37,2,2,77,4
2022-01-26,Sweden,2,0,0,5,2
2022-01-27,Afghanistan,3,4,1,23,6
2022-01-27,Japan,37,2,2,77,4
2022-01-27,Sweden,2,0,0,6,1
2022-01-28,Afghanistan,3,4,0,23,7
2022-01-28,Japan,37,2,1,79,3
2022-01-28,Sweden,2,0,0,7,0
2022-01-29,Afghanistan,3,4,0,24,6
2022-01-29,Japan,37,2,1,79,3
2022-01-29,Sweden,2,0,0,7,0
2022-01-30,Afghanistan,3,4,0,24,6
2022-01-30,Japan,37,0,2,80,3
2022-01-30,Sweden,2,0,0,7,0
2022-01-31,Afghanistan,3,4,0,24,6
2022-01-31,Japan,37,1,2,79,3
2022-01-31,Sweden,2,0,0,7,0
2022-02-01,Afghanistan,3,3,1,24,6
2022-02-01,Japan,37,1,2,80,2
2022-02-01,Sweden,2,0,0,7,0
2022-02-02,Afghanistan,3,3,1,24,6
2022-02-02,Japan,37,0,3,80,2
2022-02-02,Sweden,2,0,0,7,0
2022-02-03,Afghanistan,3,1,3,24,6
2022-02-03,Japan,37,0,1,83,1
2022-02-03,Sweden,2,0,0,7,0
2022-02-04,Afghanistan,3,1,3,24,6
2022-02-04,Japan,37,0,1,83,1
2022-02-04,Sweden,2,0,0,7,0
2022-02-05,Afghanistan,3,1,2,24,7
2022-02-05,Japan,37,0,1,83,1
2022-02-05,Sweden,2,0,0,7,0
2022-02-06,Afghanistan,3,1,2,24,7
2022-02-06,Japan,37,1,0,82,2
2022-02-06,Sweden,2,0,0,7,0
2022-02-07,Afghanistan,3,1,0,26,7
2022-02-07,Japan,37,1,0,82,2
2022-02-07,Sweden,2,0,0,7,0
2022-02-08,Afghanistan,3,1,0,27,6
2022-02-08,Japan,37,1,0,83,1
2022-02-08,Sweden,2,0,0,7,0
2022-02-09,Afghanistan,3,1,0,29,4
2022-02-09,Japan,37,1,0,83,1
2022-02-09,Sweden,2,0,0,7,0
2022-02-10,Afghanistan,3,1,0,30,3
2022-02-10,Japan,37,1,0,83,1
2022-02-10,Sweden,2,0,0,7,0
2022-02-11,Afghanistan,3,1,0,31,2
2022-02-11,Japan,37,1,0,83,1
2022-02-11,Sweden,2,0,0,7,0
2022-02-12,Afghanistan,3,1,0,31,2
2022-02-12,Japan,37,1,0,83,1
2022-02-12,Sweden,2,0,0,7,0
2022-02-13,Afghanistan,3,1,0,31,2
2022-02-13,Japan,37,1,0,83,1
2022-02-13,Sweden,2,0,0,7,0
2022-02-14,Afghanistan,3,1,0,31,2
2022-02-14,Japan,37,0,1,83,1
2022-02-14,Sweden,2,0,0,7,0
2022-02-15,Afghanistan,3,0,1,31,2
2022-02-15,Japan,37,0,1,83,1
2022-02-15,Sweden,2,0,0,7,0
2022-02-16,Afghanistan,3,0,1,31,2
2022-02-16,Japan,37,0,1,83,1
2022-02-16,Sweden,2,0,0,7,0
2022-02-17,Afghanistan,3,0,1,31,2
2022-02-17,Japan,37,0,1,83,1
2022-02-17,Sweden,2,0,0,7,0
2022-02-18,Afghanistan,3,0,1,31,2
2022-02-18,Japan,37,0,0,83,2
2022-02-18,Sweden,2,0,0,7,0
2022-02-19,Afghanistan,3,0,0,33,1
2022-02-19,Japan,37,0,0,83,2
2022-02-19,Sweden,2,0,0,7,0
2022-02-20,Afghanistan,3,0,0,33,1
2022-02-20,Japan,37,0,0,84,1
2022-02-20,Sweden,2,0,0,7,0
2022-02-21,Afghanistan,3,0,0,34,0
2022-02-21,Japan,37,0,0,84,1
2022-02-21,Sweden,2,0,0,7,0
2022-02-22,Afghanistan,3,0,0,34,0
2022-02-22,Japan,37,0,0,84,1
2022-02-22,Sweden,2,0,0,7,0
2022-02-23,Afghanistan,3,0,0,34,0
2022-02-23,Japan,37,0,0,84,1
2022-02-23,Sweden,2,0,0,7,0
2022-02-24,Afghanistan,3,0,0,34,0
2022-02-24,Japan,37,0,0,84,1
2022-02-24,Sweden,2,0,0,7,0
2022-02-25,Afghanistan,3,0,0,34,0
2022-02-25,Japan,37,0,0,84,1
2022-02-25,Sweden,2,0,0,7,0
2022-02-26,Afghanistan,3,0,0,34,0
2022-02-26,Japan,37,0,0,84,1
2022-02-26,Sweden,2,1,0,6,0
2022-02-27,Afghanistan,3,0,0,34,0
2022-02-27,Japan,37,0,0,84,1
2022-02-27,Sweden,2,1,0,6,0
2022-02-28,Afghanistan,3,0,0,34,0
2022-02-28,Japan,37,0,0,84,1
2022-02-28,Sweden,2,1,0,6,0
2022-03-01,Afghanistan,3,0,0,34,0
2022-03-01,Japan,37,0,0,84,1
2022-03-01,Sweden,2,1,0,6,0
2022-03-02,Afghanistan,3,0,0,34,0
2022-03-02,Japan,37,0,0,84,1
2022-03-02,Sweden,2,1,0,6,0
2022-03-03,Afghanistan,3,0,0,34,0
2022-03-03,Japan,37,0,0,84,1
2022-03-03,Sweden,2,1,0,6,0
2022-03-04,Afghanistan,3,0,0,34,0
2022-03-04,Japan,37,0,0,85,0
2022-03-04,Sweden,2,1,0,6,0
2022-03-05,Afghanistan,3,0,0,34,0
2022-03-05,Japan,37,0,0,85,0
2022-03-05,Sweden,2,1,0,6,0
2022-03-06,Afghanistan,3,0,0,34,0
2022-03-06,Japan,37,0,0,85,0
2022-03-06,Sweden,2,1,0,6,0
2022-03-07,Afghanistan,3,0,0,34,0
2022-03-07,Japan,37,0,0,85,0
2022-03-07,Sweden,2,1,0,6,0
2022-03-08,Afghanistan,3,0,0,34,0
2022-03-08,Japan,37,0,0,85,0
2022-03-08,Sweden,2,0,1,6,0
2022-03-09,Afghanistan,3,0,0,34,0
2022-03-09,Japan,37,0,0,85,0
2022-03-09,Sweden,2,0,1,6,0
2022-03-10,Afghanistan,3,0,0,34,0
2022-03-10,Japan,37,0,0,85,0
2022-03-10,Sweden,2,0,1,6,0
2022-03-11,Afghanistan,3,0,0,34,0
2022-03-11,Japan,37,0,0,85,0
2022-03-11,Sweden,2,0,1,6,0
2022-03-12,Afghanistan,3,0,0,34,0
2022-03-12,Japan,37,0,0,85,0
2022-03-12,Sweden,2,0,0,7,0
2022-03-13,Afghanistan,3,0,0,34,0
2022-03-13,Japan,37,0,0,85,0
2022-03-13,Sweden,2,0,0,7,0
2022-03-14,Afghanistan,3,0,0,34,0
2022-03-14,Japan,37,0,0,85,0
2022-03-14,Sweden,2,0,0,7,0
2022-03-15,Afghanistan,3,0,0,34,0
2022-03-15,Japan,37,0,0,85,0
2022-03-15,Sweden,2,0,0,7,0
2022-03-16,Afghanistan,3,0,0,34,0
2022-03-16,Japan,37,0,0,85,0
2022-03-16,Sweden,2,0,0,7,0
2022-03-17,Afghanistan,3,0,0,34,0
2022-03-17,Japan,37,0,0,85,0
2022-03-17,Sweden,2,0,0,7,0
2022-03-18,Afghanistan,3,0,0,34,0
2022-03-18,Japan,37,0,0,85,0
2022-03-18,Sweden,2,0,0,7,0
2022-03-19,Afghanistan,3,0,0,34,0
2022-03-19,Japan,37,0,0,85,0
2022-03-19,Sweden,2,0,0,7,0
2022-03-20,Afghanistan,3,0,0,34,0
2022-03-20,Japan,37,0,0,85,0
2022-03-20,Sweden,2,0,0,7,0
2022-03-21,Afghanistan,3,0,0,34,0
2022-03-21,Japan,37,0,0,85,0
2022-03-21,Sweden,2,0,0,7,0
2022-03-22,Afghanistan,3,0,0,34,0
2022-03-22,Japan,37,0,0,85,0
2022-03-22,Sweden,2,0,0,7,0
2022-03-23,Afghanistan,3,0,0,34,0
2022-03-23,Japan,37,0,0,85,0
2022-03-23,Sweden,2,0,0,7,0
2022-03-24,Afghanistan,3,0,0,34,0
2022-03-24,Japan,37,0,0,85,0
2022-03-24,Sweden,2,0,0,7,0
2022-03-25,Afghanistan,3,0,0,34,0
2022-03-25,Japan,37,0,0,85,0
2022-03-25,Sweden,2,0,0,7,0
2022-03-26,Afghanistan,3,0,0,34,0
2022-03-26,Japan,37,0,0,85,0
2022-03-26,Sweden,2,0,0,7,0
2022-03-27,Afghanistan,3,0,0,34,0
2022-03-27,Japan,37,0,0,85,0
2022-03-27,Sweden,2,0,0,7,0
2022-03-28,Afghanistan,3,0,0,34,0
2022-03-28,Japan,37,0,0,85,0
2022-03-28,Sweden,2,0,0,7,0
2022-03-29,Afghanistan,3,0,0,34,0
2022-03-29,Japan,37,0,0,85,0
2022-03-29,Sweden,2,0,0,7,0
2022-03-30,Afghanistan,3,0,0,34,0
2022-03-30,Japan,37,0,0,85,0
2022-03-30,Sweden,2,0,0,7,0
2022-03-31,Afghanistan,3,0,0,34,0
2022-03-31,Japan,37,0,0,85,0
2022-03-31,Sweden,2,0,0,7,0
2022-04-01,Afghanistan,3,0,0,34,0
2022-04-01,Japan,37,0,0,85,0
2022-04-01,Sweden,2,0,0,7,0
2022-04-02,Afghanistan,3,0,0,34,0
2022-04-02,Japan,37,0,0,85,0
2022-04-02,Sweden,2,0,0,7,0
2022-04-03,Afghanistan,3,0,0,34,0
2022-04-03,Japan,37,0,0,85,0
2022-04-03,Sweden,2,0,0,7,0
2022-04-04,Afghanistan,3,0,0,34,0
2022-04-04,Japan,37,0,0,85,0
2022-04-04,Sweden,2,0,0,7,0
2022-04-05,Afghanistan,3,0,0,34,0
2022-04-05,Japan,37,0,0,85,0
2022-04-05,Sweden,2,0,0,7,0
2022-04-06,Afghanistan,3,0,0,34,0
2022-04-06,Japan,37,0,0,85,0
2022-04-06,Sweden,2,0,0,7,0
2022-04-07,Afghanistan,3,0,0,34,0
2022-04-07,Japan,37,0,0,85,0
2022-04-07,Sweden,2,0,0,7,0
2022-04-08,Afghanistan,3,0,0,34,0
2022-04-08,Japan,37,0,0,85,0
2022-04-08,Sweden,2,0,0,7,0
2022-04-09,Afghanistan,3,0,0,34,0
2022-04-09,Japan,37,0,0,85,0
2022-04-09,Sweden,2,0,0,7,0
2022-04-10,Afghanistan,3,1,0,33,0
2022-04-10,Japan,37,0,0,85,0
2022-04-10,Sweden,2,0,0,7,0
2022-04-11,Afghanistan,3,1,0,33,0
2022-04-11,Japan,37,0,0,85,0
2022-04-11,Sweden,2,0,0,7,0
2022-04-12,Afghanistan,3,1,0,33,0
2022-04-12,Japan,37,0,0,85,0
2022-04-12,Sweden,2,0,0,7,0
2022-04-13,Afghanistan,3,0,1,33,0
2022-04-13,Japan,37,2,0,83,0
2022-04-13,Sweden,2,0,0,7,0
2022-04-14,Afghanistan,3,0,1,33,0
2022-04-14,Japan,37,1,1,83,0
2022-04-14,Sweden,2,0,0,7,0
2022-04-15,Afghanistan,3,0,1,33,0
2022-04-15,Japan,37,1,1,83,0
2022-04-15,Sweden,2,0,0,7,0
2022-04-16,Afghanistan,3,1,1,32,0
2022-04-16,Japan,37,4,1,80,0
2022-04-16,Sweden,2,0,0,7,0
2022-04-17,Afghanistan,3,1,0,33,0
2022-04-17,Japan,37,2,3,80,0
2022-04-17,Sweden,2,0,0,7,0
2022-04-18,Afghanistan,3,2,0,32,0
2022-04-18,Japan,37,4,2,78,1
2022-04-18,Sweden,2,0,0,7,0
2022-04-19,Afghanistan,3,2,0,32,0
2022-04-19,Japan,37,4,3,77,1
2022-04-19,Sweden,2,0,0,7,0
2022-04-20,Afghanistan,3,2,0,32,0
2022-04-20,Japan,37,3,4,77,1
2022-04-20,Sweden,2,0,0,7,0
2022-04-21,Afghanistan,3,1,1,32,0
2022-04-21,Japan,37,2,3,78,2
2022-04-21,Sweden,2,0,0,7,0
2022-04-22,Afghanistan,3,1,1,32,0
2022-04-22,Japan,37,2,3,78,2
2022-04-22,Sweden,2,0,0,7,0
2022-04-23,Afghanistan,3,1,1,32,0
2022-04-23,Japan,37,4,2,77,2
2022-04-23,Sweden,2,0,0,7,0
2022-04-24,Afghanistan,3,0,2,32,0
2022-04-24,Japan,37,4,2,77,2
2022-04-24,Sweden,2,0,0,7,0
2022-04-25,Afghanistan,3,0,1,32,1
2022-04-25,Japan,37,6,3,73,3
2022-04-25,Sweden,2,1,0,6,0
2022-04-26,Afghanistan,3,0,1,32,1
2022-04-26,Japan,37,8,5,69,3
2022-04-26,Sweden,2,1,0,6,0
2022-04-27,Afghanistan,3,1,1,31,1
2022-04-27,Japan,37,9,6,67,3
2022-04-27,Sweden,2,0,1,6,0
2022-04-28,Afghanistan,3,3,0,30,1
2022-04-28,Japan,37,11,6,64,4
2022-04-28,Sweden,2,0,1,6,0
2022-04-29,Afghanistan,3,2,1,30,1
2022-04-29,Japan,37,11,8,62,4
2022-04-29,Sweden,2,1,1,5,0
2022-04-30,Afghanistan,3,3,1,29,1
2022-04-30,Japan,37,11,11,58,5
2022-04-30,Sweden,2,0,2,5,0
